num,matername,gap_g0w0,gap_pbe,gap_mbj,vol,cohesive,valence,number,period,mass,vdw,EN,EA,valence_std,number_std,period_std,mass_std,vdw_std,EN_std,EA_std
301,Ba2MgB2O6,7.2957,4.5121,8.1402,12.968247841516588,-6.247967544,2.1818181818181817,16.545454545454547,2.8181818181818183,37.871,1.8227272727272728,2.5281818181818183,10.579472727272728,0.385694607919935,18.680878100656034,1.526623238522424,47.00247505475352,0.431405544472545,1.0581443292328334,3.4646241672316043
302,K2LiAlF6,11.9348,7.0616,11.167,13.214753547761035,-4.5830045105,1.2,10.8,2.5,22.6175,1.798,2.811,12.45957,0.6,4.686149805543993,0.806225774829855,9.404534175066832,0.4960201608805836,1.4464608532552827,6.095067650986327
303,KAlSiO4,7.662800000000001,4.4997,7.2608999999999995,14.985961431116491,-6.020189354285714,2.2857142857142856,11.142857142857142,2.5714285714285716,22.59485714285714,1.8242857142857143,2.584285714285714,10.421514285714284,0.880630571852711,4.015276949301485,0.7284313590846836,8.415141157097578,0.43153735619980615,1.0322770550425633,3.8298929751658193
304,KLi6BiO6,3.9671000000000003,1.4444,2.4772999999999996,11.219273850273769,-4.097119069285714,1.7142857142857142,12.0,2.4285714285714284,27.581285714285713,1.7757142857142856,2.0885714285714285,8.977500000000001,1.0301575072754254,20.128160798812623,1.1157499537009505,50.97755255352045,0.3207071268688767,1.1945283417247468,4.059570334759227
305,CaTiO3,4.494199999999999,2.4086,3.2973999999999997,11.057467000351735,-6.6312034498,2.4,13.2,2.8,27.1916,1.796,2.572,10.75912,0.8,6.4,0.9797958971132712,13.927131299732908,0.343895332913955,1.0767060880295978,3.5088115027171236
306,Ag2GePbS4,2.5731,1.3148,1.9023000000000003,21.633055315747008,-3.359038665,2.0,34.0,4.0,77.97625,1.94375,2.24875,8.9885625,0.8660254037844386,22.197972880423112,1.118033988749895,58.036208374061616,0.14636747418740265,0.3355010245885995,1.3770405585325907
307,NaAlS2O8,9.7422,5.7471,8.3629,11.583789585141178,-5.038234976666666,2.0,10.0,2.3333333333333335,20.175250000000002,1.6558333333333335,2.935,11.732475,0.408248290463863,3.082207001484488,0.4714045207910317,6.301339951748359,0.22366114002113902,0.8199542670173745,3.0098296715719646
308,AgAlS2,3.6427000000000005,1.9515000000000002,3.0520000000000005,20.67932420521706,-3.86782918875,2.0,23.0,3.5,49.74525,1.8875000000000002,2.175,8.5705,0.7071067811865476,13.910427743243556,0.8660254037844386,33.62133588493324,0.1294942083646986,0.420505648000119,1.8757616506368815
309,NbCu3Se4,2.4735,1.3588999999999998,1.5010000000000003,21.905370406911914,-4.05992631125,2.0,33.0,4.125,74.92349999999999,1.9575,2.1875,8.6184625,1.224744871391589,3.8078865529319543,0.33071891388307384,9.85539211548683,0.08856494791959184,0.37395688254128967,1.1719938256423323
310,Ba2SrWO6,4.8743,2.8955,5.954300000000001,15.731337471680394,-6.131606010800001,2.4,27.2,3.5,64.2124,1.9150000000000003,2.507,10.56909,1.2,24.854778212649574,1.857417562100671,62.84836801413383,0.5007444458004503,1.163091140022999,3.7981214721096004
311,RbSrCO3F,7.4352,4.2828,7.7007,16.438890027240653,-5.5448369088571425,2.0,16.285714285714285,2.857142857142857,36.01385714285714,1.892857142857143,2.66,11.3442,0.9258200997725514,13.445278360974221,1.355261854357877,32.018401416455916,0.5710570220643291,1.1886006177734507,4.403735325185395
312,CaYAlO4,6.1561,3.6201999999999996,5.1057999999999995,11.09467787794549,-6.5270676548571425,2.2857142857142856,14.857142857142858,2.857142857142857,31.423571428571428,1.792857142857143,2.512857142857143,10.398385714285714,0.45175395145262565,10.696175169905649,1.124858267715973,24.929647844955,0.3475100938190464,1.0832321250473944,3.718322343833716
313,Sr2ScGaO5,5.116300000000001,2.7354,4.717499999999999,14.168635733328479,-5.8406932959999995,2.2222222222222223,18.666666666666668,3.111111111111111,41.102111111111114,1.8444444444444446,2.4744444444444444,10.226788888888889,0.41573970964154905,12.797569213634977,1.286204100310025,30.390816640866458,0.4019151682496393,1.1051808410201585,3.798932511010149
314,Sr2GaSbO6,4.3042,1.5673,3.0119,12.28423037014085,-5.1015502904,2.4,20.6,3.1,46.271300000000004,1.8030000000000002,2.6399999999999997,10.770610000000001,0.9165151389911681,16.094719630984567,1.374772708486752,38.94169486822575,0.386653591732962,1.0290383860673031,3.572329926098652
315,CdCu2GeS4,1.4489999999999998,0.4779,1.0419999999999998,19.40420394581182,-3.4389482129999998,2.0,25.25,3.625,55.047125,1.92625,2.2275,9.22325,0.8660254037844386,10.80219885023415,0.6959705453537527,27.055634604632264,0.1432600345525576,0.3618960486106474,1.1966175360155806
316,Sr2NbInO6,6.0101,3.6961,4.5150999999999994,13.447576608296862,-5.9337947564,2.4,21.4,3.2,47.897,1.8210000000000002,2.592,10.56437,0.9165151389911681,16.656530250925613,1.469693845669907,39.70541929006669,0.3974279808971684,1.0653806831363144,3.7508089378292784
317,RbNaTiO3,6.6509,3.5749999999999993,4.6381,14.616086441885791,-5.352803915833333,2.0,15.666666666666666,3.0,34.056333333333335,1.995,2.268333333333333,9.499766666666668,1.0,10.7496769977314,1.1547005383792515,25.608626422013,0.5533157627732408,1.1928735147626601,4.19058479080055
318,Li2CdGeO4,5.150399999999999,2.5202,4.6497,11.793422652727417,-4.415906428,2.0,14.75,2.625,32.880125,1.75125,2.4275,10.268625,0.8660254037844386,15.2540978100968,1.1110243021644486,36.0241312540549,0.25881641659678395,1.0612109827927716,3.5299279719103334
319,CeSiO4,4.422000000000001,1.6060000000000003,1.6553000000000004,12.62726279158295,-6.917876741666667,2.6666666666666665,17.333333333333332,2.8333333333333335,38.7,1.7666666666666666,2.796666666666667,11.360466666666667,0.9428090415820634,18.31817555204545,1.4624940645653537,45.56833778330447,0.3608631627393162,0.9372595988068383,3.280670249439214
320,CdAg2I4,3.5544000000000002,1.7747000000000002,2.9001,36.152596565727364,-1.9794503962857142,1.1428571428571428,50.57142857142857,5.0,119.39471428571427,2.045714285714286,2.312857142857143,9.421628571428572,0.3499271061118826,2.821202522590214,0.0,8.783588897390825,0.07889543583705189,0.4076312859756014,1.2668940374162379
321,Rb2Li2GeO4,6.4371,3.5351000000000004,5.8293,15.027251193319724,-4.255763060555555,1.7777777777777777,16.0,2.888888888888889,35.72955555555556,1.9877777777777779,2.152222222222222,9.0566,0.9162456945817024,13.872434697789874,1.286204100310025,32.51433886460663,0.5886854994680526,1.1996089897942004,4.2038377355300796
322,SrTiO3,3.7909000000000006,1.8501000000000003,2.7358000000000002,11.82736767289914,-6.571839970399999,2.4,16.8,3.0,36.7,1.832,2.5620000000000003,10.675460000000001,0.8,11.906300852909775,1.2649110640673518,28.295967203826063,0.40056959445269935,1.0913917720049018,3.621755027386585
323,ZnCu2SiTe4,1.3344999999999994,0.06219999999999981,0.6795,26.046672083665307,-2.9550900823750004,2.0,38.75,4.375,91.370875,2.03375,1.96875,8.629637500000001,0.8660254037844386,14.060138690638865,0.6959705453537527,37.87933666736226,0.04820204871164716,0.1519405722642903,0.614628143550025
324,SrAgTeF,2.770699999999999,1.4149000000000003,2.5868,21.86043652476492,-3.8343639642499996,1.5,36.5,4.25,85.52149999999999,2.0325,2.24,9.925875000000001,0.5,16.650825805346713,1.299038105676658,40.925988011897765,0.364854423023759,1.0962891954224487,4.485130053507366
325,Li2ZnSnS4,4.1526,2.2812,3.2152000000000003,21.12179829924609,-3.4530944854999994,2.0,18.75,3.125,40.798,1.8775,1.98625,8.6201875,0.8660254037844386,14.271912976192084,0.9270248108869579,34.02810491343883,0.12930100540985745,0.6660506268295227,2.0970830440384924
326,VCi3Te4,1.4491999999999994,0.5129999999999999,0.6040999999999999,24.420967503956724,-3.4238475875,2.0,39.75,4.5,93.997375,2.0237499999999997,1.96625,8.245475,1.224744871391589,12.386989141837494,0.5,33.8235416793448,0.04948168853222373,0.15723688339572248,0.8209514415451139
327,KNa2CuO2,4.3044,1.6193,3.1184999999999996,16.5304819275062,-3.3476988,1.3333333333333333,14.333333333333334,3.0,30.104,2.0483333333333333,1.9100000000000001,8.263583333333335,0.4714045207910317,7.520342781785652,0.816496580927726,16.824203913806244,0.4390678256893296,1.1395028155589029,3.9273415361270643
328,KLiSO4,8.9145,5.5435,9.1449,14.248035142859292,-4.67137563142857,1.7142857142857142,10.0,2.4285714285714284,20.31057142857143,1.7785714285714285,2.5914285714285716,10.652114285714285,0.45175395145262565,5.0990195135927845,0.7284313590846836,10.298313854456852,0.41632503000930043,1.1093811475828517,3.831812784879677
329,Ba2LaSbO6,6.7642,4.1321,5.9146,16.00993473941056,-5.6548168376,2.4,26.8,3.5,63.130399999999995,1.8970000000000002,2.557,10.631730000000001,0.9165151389911681,23.072927859289987,1.857417562100671,57.89232100753951,0.48883637344207526,1.1232012286318067,3.767081837191754
330,SrWO4,7.174300000000001,4.3956,5.3508000000000004,14.487913290257282,-6.601674750333333,2.6666666666666665,24.0,3.1666666666666665,55.91166666666667,1.7916666666666667,2.735,11.33855,1.4907119849998598,24.899799195977465,1.674979270186815,62.90919392708474,0.3944792629389902,1.020257320483416,3.2840187736724853
331,Y2CN2O2,5.9604,4.0829,5.805400000000001,13.656748998168535,-7.050509342857143,2.857142857142857,16.285714285714285,2.857142857142857,35.68928571428572,1.782857142857143,2.564285714285714,11.428471428571429,0.6388765649999399,14.379690893898994,1.3552618543578767,33.68085083636137,0.34445461180224696,0.8944887948329104,3.4479745846404573
332,LiCaAlF6,12.7564,7.9256,10.9585,11.595696738123172,-5.272403400444444,1.3333333333333333,10.0,2.3333333333333335,20.895222222222223,1.6433333333333333,3.052222222222222,13.558611111111112,0.6666666666666666,4.268749491621899,0.6666666666666666,8.295994773621223,0.2778088871468618,1.322890587377822,5.4678025897967135
333,YScO3,6.0666,3.8188,5.111799999999999,13.322403575039365,-7.353817631,2.4,16.8,3.0,36.372400000000006,1.8060000000000003,2.58,10.72662,0.4898979485566356,12.188519188154071,1.2649110640673518,28.560677033992036,0.3543783289085268,1.0542106051449112,3.542997636126787
334,NaZrCu3Se4,2.6074999999999995,1.3386,2.1190999999999995,23.07232569659324,-3.874175098888889,1.7777777777777777,30.444444444444443,4.0,68.96577777777777,1.9977777777777774,2.0177777777777774,8.21797777777778,0.9162456945817024,7.646511348482335,0.4714045207910317,18.549814265483917,0.13766124103737634,0.5608481231883998,1.5681391355345549
335,Li2MgCdP2,2.2546,1.3722000000000003,2.2428,18.03717507040125,-2.5509305953333334,2.0,16.0,3.0,35.44733333333333,1.8583333333333334,1.5566666666666666,8.066133333333333,0.816496580927726,15.165750888103101,1.0,35.83513837779276,0.14701662793333584,0.5075978285567774,2.123691076613755
336,SrTaF7,10.150300000000001,5.5729,7.4006,13.015550369080499,-5.690642007444445,1.5555555555555556,19.333333333333332,2.7777777777777777,44.61711111111111,1.6666666666666667,3.3677777777777775,15.022677777777776,1.257078722109418,21.018510360579263,1.4740554623801778,52.73595831739783,0.37339285239841197,1.152675899112609,4.511447618319368
337,CaMg6ZnO8,6.3302000000000005,3.3602000000000003,5.212999999999999,10.009265405731563,-4.9620355475625,2.0,11.625,2.625,23.706125,1.67875,2.376875,10.6455875,0.0,5.666513478321568,0.6959705453537527,12.456952209885651,0.21295172575022722,1.069326416196196,3.028748750283481
338,VBO4,5.7642,2.792,3.2228,14.786361810175615,-6.542790877500001,2.6666666666666665,10.0,2.3333333333333335,20.95866666666667,1.6783333333333335,2.905,11.5861,1.1055415967851334,5.916079783099616,0.7453559924999298,13.54171918759046,0.22806553639006674,0.7658056759605099,2.9083881452332547
339,Ca2ZrTiSi2O10,6.247199999999999,3.2485,4.0439,12.057650320329328,-6.771233293,2.5,13.125,2.6875,27.214375,1.7725,2.691875,11.1358,0.8660254037844386,8.513775601928911,0.982264602843857,19.548631486228775,0.3310117067416196,0.9923911700408262,3.247154936825466
340,SrZnAsF,1.9015999999999993,0.5866999999999996,1.8223000000000003,18.705125702082523,-3.4576567615000005,2.0,27.5,3.75,61.732499999999995,1.9549999999999998,2.19,10.575125,0.7071067811865476,11.05667219374799,1.0897247358851685,25.90241476677416,0.3658893275295141,1.121762006844589,4.263814442125149
