7.2957,11.9348,7.662800000000001,3.9671,4.494199999999999,2.5731,9.7422,3.642700000000001,2.4735,4.8743,7.4352,6.1561,5.116300000000001,4.3042,1.4489999999999998,6.0101,6.6509,5.150399999999999,4.422000000000001,3.5544,6.4371,3.7909000000000006,1.3344999999999994,2.770699999999999,4.1526,1.4491999999999994,4.3044,8.9145,6.7642,7.174300000000001,5.9604,12.7564,6.0666,2.6074999999999995,2.2546,10.1503,6.3302000000000005,5.7642,6.247199999999999,1.9015999999999995
0.07049407741611802,0.1326565582193986,0.030400930813964777,-0.1938520374075714,0.8046269036007772,0.30028517878661276,-0.30326205609594226,-0.012264319382015554,0.4474289160671474,0.7201667310459197,0.2419573276044833,0.3414525424624504,0.22515345767931372,-0.20217569578970362,0.5069821741538387,0.5694129027805852,-0.32240021645058903,0.039045972779801374,0.007637078414749254,0.11649798158574631,-0.2501674493268302,0.7502308689383312,-0.21223837217743924,0.7286281856643333,-0.1382149472025418,0.19186041194370596,-0.2816297935448011,0.32945208390647096,0.1471775626030718,0.6128996952694425,0.7497205762159922,0.5018243509016074,0.6662150044747657,0.329739393231018,0.16011397233099345,0.6076170052995113,-0.11427107669183822,0.222096344408949,0.060986464872598845,0.5353466159484792
0.012579985908001134,0.3160382590505968,0.21164074232220642,-0.1178107221556508,0.8677745668995342,0.38338593222196593,-0.17419338011825758,0.0253461010441538,0.5180328013387068,0.5668410659303955,0.31479931142824036,0.344331099361634,0.23046236475112813,-0.14602300394584766,0.5898132898882249,0.5250494254591382,-0.20334083652897306,0.09324663328125915,-0.05972775720750079,0.1399067798838174,-0.17163772221787976,0.7771801349294307,-0.1261666185700756,0.8078135082194029,-0.1375731340528077,0.26086239097172914,-0.27965173066438265,0.4730948991259005,0.011064799197060715,0.3473350277279099,0.6040923713254855,0.586656342501513,0.5828037537879363,0.4285836311172937,0.16621297789692946,0.5701001153060918,-0.13753735969889203,0.22689296723767693,0.1059691564004126,0.6145551629376793
-0.002012634799134716,-0.10572216221794939,-0.06621245779105145,-0.03131015600200682,0.8807419002508734,0.48583728916808333,-0.1216855626415363,0.02339658353384033,0.5013233918653834,0.9336025893468367,0.062394061574487125,0.4776612229589503,0.24378338184310877,-0.22970410225814675,0.46720640835875926,0.6187142693244914,-0.26645202757549136,0.10214993627487345,0.16248621926534135,-0.5042075239950781,-0.3316788149677885,0.8747693860320904,-0.06965032054940945,0.5372636245264788,-0.09916160589160405,0.5349769061294616,-0.32195626111571674,0.4009466866998128,0.1224432128267674,0.7111524209283999,0.7622856366285529,0.11627579574080293,0.6856930432845223,0.4315040165166697,0.09348038326599273,0.07789290415028916,0.1224495781266084,0.08470439499826998,0.13024460128203508,0.24046218800724328
0.7583337061662441,0.18339294259049055,0.02695550736160346,0.43362691919595475,1.1107495114301011,-0.2113009537748054,-0.4703504407361656,-0.10311156771730845,1.292671082339775,1.4644348906987252,0.4892016373245296,1.0185221693413693,0.4192676892939913,-0.10457833927014537,0.4031207947391584,0.9956581046838711,0.5323921832074641,0.03895211328715131,1.1539014774442835,-0.4447481405927838,0.10532621833224631,1.4500888802462706,-0.38150114505539534,0.5453237361962522,-0.4825098247299584,0.6366085311069147,-0.13591719141074599,0.005944205055381957,0.18081203175917082,1.9377865840920183,1.6066460574373744,0.3789044333266034,1.394233830049119,0.869592635556852,-0.3076686237638695,1.4412785554585614,0.2531329414134529,0.6683028704980636,0.6702794728908126,0.23789638668378266
0.053087976868214426,0.1123719461364221,0.12655738829870167,-0.0435227131320981,0.8390284091563398,0.35475331194915505,-0.23818435719831932,0.04033829038456327,0.5058934680340665,0.8278360273268497,0.3029817221760851,0.3132544736067615,0.18296987278355914,-0.1638998164568335,0.5006561211132698,0.5979546697734852,-0.18065764615615088,0.10162826754338639,0.05548045923282707,0.07319122315111981,-0.1346805161901523,0.7701725680080056,-0.2879958350104088,0.6842009045723048,-0.08971645122169214,0.1921697259278652,-0.3164637720147505,0.3691129666953348,0.17065150112525718,0.7267004364963086,0.7095592141587286,0.42530791883966934,0.5960622657559602,0.365825683019374,0.1599037185059604,0.6120409014292463,-0.14703034132691517,0.3069543183467198,0.10898816639254783,0.4760555597239111
0.10295823884788113,0.22252650366596605,0.16569502771097966,-0.13172548120323624,0.8332137583610564,0.4263464779129631,-0.247849135236061,0.04664970916092992,0.6127430414413868,0.8088866087692992,0.32867750252735917,0.37370205954663405,0.23342593152776558,-0.16985022035011,0.530199602739934,0.6386013442221694,-0.166023009815218,0.09020894634562637,-0.009787005311887143,0.10651002895752582,-0.15182068172515972,0.7597543045002642,-0.1780392733081717,0.8444529688307378,-0.10769274087105707,0.3345792958808431,-0.3296428038608541,0.39874410363192503,0.20372069431541906,0.7090538226413763,0.7457361574830674,0.564020165674771,0.6838393722038658,0.4410593816802728,0.11070500551209328,0.672425436658127,-0.11420259463813043,0.23688919366022976,0.11277137076908339,0.5402623299653271
0.19492910516935957,-0.12469145676896609,-0.037359718171307676,-0.29715090689713053,0.9575773569358201,0.11156741487878596,-0.33413436481931313,-0.10973044015303879,0.5297939559063525,0.7588364326675965,0.24167234051267528,0.6060786404698426,0.2939545007340669,-0.15729717471080562,0.3951835367673233,0.6919140888856612,-0.271320578600057,0.02296475067821291,0.2791466433343359,-0.041862693130828355,-0.280681225534833,0.9483969555786018,-0.21996143338237317,0.2716161018195691,-0.24923934875091458,0.2714650490286763,-0.49847517619715553,0.3529724881738403,0.10318182893687666,0.5951316150203283,0.9691600636141775,0.1135704612142554,0.896287202462065,0.31991755926331455,0.10056683649208509,0.06422148658841031,0.07719315762135359,0.09618415509948886,0.2183203716690194,0.15591142123374335
0.054030170335748195,0.3165678620000403,0.05749114336895467,0.20409933323941631,0.7855714907303426,0.16360368849910678,-0.4800557628669697,-0.15366767496689127,0.4001963755602449,0.8969223716773556,0.31265629231540615,0.3884192063691465,0.15704032861129846,-0.12778194890163164,0.3313851636383447,0.6601091675963273,-0.19506916884998837,0.20920010002257783,-0.0025655327747120538,-0.24699742166810923,-0.03557725402302214,0.6818461602580985,-0.41703126869909735,0.6190474121188112,-0.20800266215736052,0.0010654784448504984,-0.20899030028774934,0.29303727114264255,0.2515316737788611,0.9256659181672866,0.7450972191055971,0.39697416740134095,0.6681798774537624,0.2644691870266951,0.10850238712234095,0.8296804813503549,-0.027747101901149485,0.21451741254333445,0.08951300021363728,0.5125600018322032
0.1697515980953206,0.22233364434950786,0.17190384715028628,-0.07266833670661788,0.970385491713003,0.3140897451331064,-0.24188378720691261,0.023906525013867697,0.34480817204261305,0.7475035108239307,0.43803098723843625,0.44497585986450083,0.2966832456013453,-0.11920884559854805,0.5336896218652125,0.6458002879297178,-0.19073886116170513,0.14015128569778135,0.11448666542003494,0.03509525543889813,-0.1599788375090503,0.8840549513838027,-0.24754248299470394,0.6873668456921811,-0.08538506542357993,0.11860590350454281,-0.2695195797674961,0.4084027018041745,0.19161426260046266,0.6411953939507331,0.7942099923465378,0.5156326214519922,0.7614199097194794,0.3148932573213252,0.2728054347221196,0.7664819526797775,-0.11520509337097717,0.33267634505233,0.22542679035143465,0.5029834968983191
0.07901078441845222,0.2701054159500931,0.16624825990195014,-0.019020924115138893,0.8096536338350742,0.4878676444876451,-0.22424348452495302,0.08763889651210599,0.47159479258957004,0.7826116392772953,0.34725135257455264,0.31851376515425756,0.15629839605133355,-0.16886067039882136,0.5976537298565567,0.6109397063681774,-0.1800899568479455,0.13589997403711962,0.0084616419393857,0.14865549414106694,-0.09983815158919729,0.716967475759807,-0.09729472775249359,0.6367048167520055,-0.05132570407030279,0.3165941975229778,-0.2571615684050679,0.45687112673181396,0.1880658511037021,0.7668151495975479,0.7587417194098034,0.5061742084050262,0.5981773868036475,0.36816382580717333,0.26607235863742495,0.5937305470030623,-0.1376030224408682,0.26504400529971495,0.10647553490382755,0.48080446822956513
0.15615552860041682,0.06266762487646282,0.07329091514074726,-0.08302965200779466,0.8077567752313879,0.35893487155883896,-0.31140481503149964,0.03163677413205557,0.5408756300733724,0.8030497490231916,0.3207605647816436,0.365005368420789,0.21205107347741858,-0.20777103086589221,0.5144353997329567,0.610125091920728,-0.24388018143394596,0.06052002766695708,0.07174827070405776,-0.012778397296969946,-0.19659571381838337,0.7458495059242889,-0.20185473293467293,0.6318372967078334,-0.08076327839077102,0.3340680302435892,-0.32041532839137776,0.30178895674453265,0.19489023857225707,0.8330831166432944,0.8087880264323157,0.47021041645395023,0.717911592906396,0.3854554687850258,0.2192296329271901,0.7372320823078979,-0.11007318973791502,0.31655397507505345,0.11798298346962177,0.4526258614343426
0.10550440332639788,0.2562221002690901,0.068791879394551,-0.08201517750682141,0.8242004468160378,0.056507348095811594,-0.42664953880379564,-0.08796350888276683,0.31768872849749696,0.7836296974821835,0.33595213384382205,0.4216654922281329,0.18491666090467973,-0.15984376629708308,0.31744311216619536,0.6200047963420898,-0.23488799998730592,0.1434345447944878,0.13493756404939994,-0.0916198371382575,-0.1690185518192111,0.7555085990297972,-0.4068135608549843,0.5301124597004625,-0.14319894118426468,-0.0200128831976798,-0.29981297725153855,0.2615800891368547,0.20306665411397962,0.9348779602093593,0.8379977529580049,0.448044818198051,0.6747347888971715,0.3060716540147834,0.14991188335333128,0.780870247369716,-0.03389224689370085,0.36707166058262164,0.17628425337018605,0.44253622039420004
0.08138639099215439,0.26163519361155707,0.2131166674620566,-0.10940922038772305,0.8191912320440338,0.37022943524519647,-0.14323333121934567,0.029846339533559973,0.4004621427665369,0.6909031402457497,0.34344012004484803,0.3400784666951058,0.184503129751862,-0.19759389720729637,0.49904176618682605,0.5703533813870516,-0.20160461151630216,0.09791340431315909,-0.018151751177708064,0.052016730867941785,-0.1639434040136427,0.7183081616390581,-0.24423192405048244,0.6466652536361144,-0.0938880607934891,0.1796226881376537,-0.28240383783764056,0.5013820448910415,0.09289208021656759,0.715891979857,0.7239491497648629,0.5818397315311543,0.6033171847094119,0.2988285859130806,0.13431986857682787,0.6672355209912926,-0.10797295197885415,0.3413027640005266,0.1318921291645978,0.4794244096040028
0.17584742348823923,0.30075046166610164,0.20041938269407567,-0.013526195892870074,0.9579043435397665,0.39152357700489304,-0.3124779483374276,0.02937572519533349,0.5744071839643055,1.0154596483828993,0.4446655942995381,0.4468069428183288,0.2872431303551668,-0.11246596002395215,0.5272153609641546,0.7153257010632794,-0.14533496949117364,0.092767277694632,0.24883413099283658,0.14271533385089574,-0.13417100595200449,0.9170942140770819,-0.12602272573855178,0.7237381187132277,-0.07657523224268914,0.41695041249161413,-0.31396121146315803,0.40028475167603617,0.2802701404385415,0.9915684139387171,0.9362565446505755,0.6042558086336314,0.8597977460625552,0.41933992523032737,0.22086168846896115,0.7954967704440836,-0.13721790022123326,0.38888883395483287,0.2394623804360947,0.49073725486384023
0.11049102038310821,0.25996603798027706,0.20167002507763954,-0.03759566716916529,0.9382864271205129,0.3883963211246737,-0.23618393919120706,0.029576442016641113,0.568785086927837,0.7501676674530646,0.401038330928996,0.41619253200744133,0.2555128562210722,-0.15843049620687744,0.5758968624753624,0.613132945615928,-0.11514735507771334,0.13603708210943388,0.025503451028683344,0.06333978090063885,-0.12947552638623971,0.8318227100522897,-0.11797645287744718,0.7266530191627352,-0.10549867186302109,0.3733927422940244,-0.22218945894800424,0.43088728966679213,0.1352417455752919,0.7160375507989496,0.7226395298173252,0.5113892559138868,0.6886856876252923,0.43429373950141903,0.14582652158449605,0.7437320606629267,-0.0015406242453854802,0.3198429242729679,0.17887724920917591,0.5237825518818997
0.053158058515554885,0.2553777805798827,0.005710541886655207,0.2666384317845254,0.9425671332394945,0.4166049070925393,-0.44869649108671616,-0.044440430397501895,0.5857304288085987,0.8707740606984373,0.27767755701288266,0.46544716361893634,0.21527206820234213,-0.2050164907716372,0.5506038336459724,0.528181605271743,-0.1072362521792325,0.16884888439808776,0.10654265681090713,-0.28514053560848085,-0.11107337869969047,0.8686240020362437,-0.137925068551211,0.4812839196749801,-0.16518828572170996,0.49492001157635457,-0.23371292163647173,0.21730166956427688,0.06319896615495413,0.8574896896178466,0.5952869542399117,0.41236070450254125,0.7646684686518084,0.44027561463489606,0.11483280101896831,0.8618803975182168,0.08376685510809434,0.20196434209701142,0.14661033522132705,0.36322503485677937
0.42829903538166825,0.12734903357886473,0.2007653818671482,0.10175296268285594,0.7979974148456481,-0.25989437758669176,-0.5374547148666995,-0.14355316458012046,0.5524293973016401,1.5809337326306334,0.6597158369926426,0.5837264997140146,0.05739203319856401,-0.32828467590293897,0.21465285822712588,1.1151792095606323,0.4537867942682201,0.13461793222335672,0.6469294823033618,-0.8159284325695464,0.048672239908216675,0.9546348822355757,-0.34202221076367945,0.7890015121976512,-0.2748485948546797,0.18316275309543784,-0.33643237311936236,0.03418356458153049,0.564401349291491,2.2744330700404767,1.3716697741488648,0.34034659152495017,0.9584768524521179,0.4569440755178289,-0.09622262568884032,1.599412392331164,-0.02850797410747763,0.604167965447421,0.5474761393433258,0.04531860694649903
0.10645330291864319,0.14846244499614691,0.10825072805688585,0.05131654195170343,0.8663816786410496,0.390201488811746,-0.28137866632143904,0.038869007150138746,0.3790044313403871,0.9363657279834712,0.34137010052628014,0.39237550169081103,0.2361617755243266,-0.11823019923941658,0.5093349252628272,0.6680863256418972,-0.15164578784624716,0.178014870675554,0.1128917752690537,-0.0321569658672769,-0.09720097267660766,0.8221112403106492,-0.22757354570887767,0.7062180133573159,-0.05203861462113757,0.2176191099609639,-0.30593996498209197,0.38006368848668437,0.24354192225589788,0.8716563665126067,0.7869744758016868,0.4557459979226284,0.7036456439684029,0.32973267060984,0.2214709445277574,0.5922331146166151,-0.08839989151096095,0.2594983161445983,0.15315931152096773,0.5103227429133141
0.15681698104751973,0.17898319275010266,0.06936718415752807,-0.08437544576595846,0.8401833485101555,0.3528547292238855,-0.3489648286189393,0.031752221159380145,0.4966712795036563,0.9048306708560023,0.3744185301917238,0.37020076862689244,0.2211037668878273,-0.14211581475876223,0.5295029807235014,0.6807153200483542,-0.1941348719543008,0.11762821961163361,0.11105780900958706,0.05582221867628112,-0.1167313802955503,0.7948082282544426,-0.16564817725735015,0.6681843159930194,-0.1051754628238335,0.29822943545751635,-0.3089931074961667,0.3311839060039006,0.2847443551901696,0.9102409214197973,0.8247476892907066,0.5215024034667515,0.7075053912976346,0.3645537751141732,0.21025719189987768,0.8011667561472517,-0.10330493834639665,0.2759613246471835,0.12742734841332393,0.46040474245285057
0.0604384809441747,0.23893654162688804,0.13219562756993852,-0.09673303866901994,0.8402440255913035,0.36211983624302846,-0.26301995510698006,0.003360083907037126,0.47269321235914097,0.6977330216431437,0.27315556443419275,0.33828145102644847,0.20969393780831247,-0.17580907571332993,0.4914470133999682,0.570426604704779,-0.254445741065112,0.09762852807497602,0.0577437022066114,-0.0036409665221186494,-0.1943650794070555,0.7589168574663177,-0.22696168862100397,0.6521850533731728,-0.1004614928681491,0.25171932961654697,-0.27810208522161073,0.4090991291819357,0.10900166458696514,0.6612353763467755,0.7458900642027686,0.5068566222824629,0.6300400311543806,0.31829233148692504,0.18464327021532156,0.5862020138983954,-0.1066421726976925,0.3173338609142844,0.11038915550602724,0.5272883776344865
