cycle_0,cycle_1,cycle_2,cycle_3,cycle_4,cycle_5,cycle_6,cycle_7,cycle_8,cycle_9,cycle_10,cycle_11,cycle_12,cycle_13,cycle_14,cycle_15,cycle_16,cycle_17,cycle_18,cycle_19
158,35,84,180,203,99,118,115,145,206,193,226,137,183,151,6,181,186,18,31
125,239,18,78,121,53,115,162,1,83,37,222,144,42,118,8,68,9,74,181
106,29,217,185,260,197,64,230,45,9,230,146,122,127,6,132,248,70,97,87
18,0,206,102,100,40,230,154,5,195,252,33,63,196,161,165,48,221,115,207
137,227,25,45,226,104,112,8,186,92,63,135,106,136,102,12,56,69,4,34
255,91,254,259,179,51,198,269,187,172,1,63,51,106,47,2,45,170,184,246
89,67,159,229,128,143,49,27,0,260,204,263,174,73,26,144,11,162,199,250
71,79,180,4,255,117,12,52,17,77,178,196,254,143,16,59,77,68,145,254
108,28,126,188,210,246,183,216,72,185,217,66,260,158,170,257,5,208,135,175
222,16,139,82,247,93,54,156,222,235,250,49,94,251,121,141,174,226,54,41
259,152,151,34,178,159,180,180,236,153,69,134,86,79,51,26,170,19,49,259
126,78,44,72,229,115,137,203,172,30,58,199,10,93,228,9,269,159,158,152
33,85,6,236,112,95,74,101,57,222,194,95,85,39,143,11,255,193,71,214
97,191,12,164,34,249,104,267,139,239,46,157,159,151,235,174,190,265,204,33
217,47,98,105,241,34,83,169,65,26,260,0,176,224,35,184,257,101,269,26
232,219,5,10,261,216,25,80,33,123,195,262,13,178,77,55,47,213,151,244
250,116,109,232,163,200,65,97,103,21,181,154,61,78,10,140,83,51,250,30
21,40,2,12,225,151,179,31,39,13,215,83,36,174,247,228,216,219,103,222
234,107,140,70,222,176,172,226,224,106,219,250,55,10,153,261,112,150,2,45
161,190,241,251,148,149,98,113,116,86,176,4,1,114,49,40,265,34,197,72
16,69,161,203,57,221,94,223,94,140,5,223,248,118,222,223,232,94,42,158
118,138,152,175,81,39,122,13,250,131,131,116,37,13,87,266,73,4,123,145
75,185,176,130,70,102,56,268,149,127,75,227,41,32,197,258,34,161,55,50
194,66,144,47,26,96,44,9,231,28,136,113,262,15,90,240,254,169,134,130
210,204,133,121,12,191,89,18,168,55,234,235,234,125,82,194,105,233,30,108
145,250,192,190,240,236,175,125,201,47,2,197,143,155,14,80,209,16,212,82
109,168,147,77,175,266,143,239,203,101,102,46,66,252,242,217,173,137,125,7
4,59,164,101,254,77,241,260,129,103,98,219,101,28,54,153,221,153,216,141
150,232,264,41,77,169,136,245,27,25,264,165,237,187,267,98,219,176,194,187
61,161,90,63,89,24,32,14,207,255,70,99,140,235,116,43,225,190,206,189
67,167,223,237,106,54,264,91,12,93,268,102,245,168,245,181,204,75,63,156
52,158,166,170,134,19,88,40,50,189,68,30,131,62,31,47,58,76,229,58
66,117,169,115,62,178,178,45,163,109,76,217,249,110,230,152,59,3,255,232
26,119,238,13,263,50,252,200,171,79,52,221,135,43,125,186,117,77,65,14
205,14,9,132,90,23,97,95,109,51,138,179,258,60,196,264,99,22,90,269
212,259,260,109,155,1,18,158,76,148,171,56,152,17,216,129,17,93,142,253
122,187,267,122,38,87,113,32,90,11,32,144,263,197,219,230,20,151,45,2
248,112,45,219,172,45,244,77,218,177,147,147,226,257,122,167,139,235,34,117
40,263,118,267,239,251,170,170,89,254,7,198,5,262,224,204,188,231,1,144
13,21,142,241,108,160,134,141,206,223,9,190,111,19,165,254,154,239,253,59
107,89,193,225,111,218,0,184,162,236,103,85,117,189,254,149,13,138,109,103
239,56,266,51,267,222,193,28,159,150,91,203,142,18,176,262,54,201,232,70
265,238,157,215,16,263,29,63,141,97,39,121,30,198,53,25,31,85,10,81
3,55,48,178,76,213,20,82,128,116,127,252,14,96,58,259,259,87,148,61
129,132,42,88,28,43,14,171,106,152,224,215,246,188,152,71,218,218,211,42
24,264,122,87,215,107,228,165,67,217,87,59,19,172,7,185,53,155,62,161
30,84,236,200,99,62,158,15,227,82,202,115,47,201,63,117,2,267,60,24
249,53,232,173,80,156,2,102,132,68,251,42,62,124,93,220,42,46,116,83
157,248,57,140,19,161,109,41,44,67,222,57,206,54,46,109,167,139,143,36
60,114,255,181,2,264,35,58,197,73,245,150,129,108,171,260,60,154,221,178
56,171,250,86,61,138,69,193,240,42,235,229,8,38,112,31,246,73,256,27
245,163,79,257,200,180,128,259,221,261,189,211,88,44,252,57,163,212,140,89
155,101,202,134,93,123,16,36,241,122,157,264,172,69,158,95,152,122,87,149
46,197,210,226,29,247,257,109,40,7,78,76,40,212,114,202,176,109,108,168
19,48,230,17,177,74,250,147,190,269,25,139,145,46,89,252,222,103,225,174
209,118,7,30,24,153,87,148,68,2,236,13,197,167,195,72,240,57,61,258
221,266,156,139,137,59,191,121,254,249,266,228,120,157,182,127,94,67,43,23
54,42,171,221,221,258,23,254,215,89,160,73,45,261,174,175,189,227,262,6
224,17,240,265,5,12,96,253,257,232,109,182,164,95,150,107,149,140,80,218
80,5,175,24,103,71,238,51,70,163,207,137,33,223,244,145,196,144,231,78
51,206,1,201,37,244,131,238,101,257,72,184,128,37,160,253,151,88,189,171
2,54,111,125,25,168,167,243,247,204,201,143,15,2,148,138,66,264,176,0
228,223,239,228,235,57,5,85,164,121,155,32,233,21,203,74,118,249,149,105
104,139,231,154,251,122,99,120,35,142,149,15,244,152,199,255,82,225,96,131
173,150,249,71,152,253,144,252,225,136,262,94,39,102,167,65,111,92,27,38
86,148,8,168,105,227,146,255,169,84,191,234,103,8,137,48,186,194,31,165
10,98,245,155,142,63,72,138,10,154,187,214,17,181,2,176,89,167,173,151
160,154,248,177,102,199,232,168,261,113,115,35,113,266,209,3,201,96,119,243
58,130,220,81,228,148,71,232,209,43,117,202,95,94,220,268,102,180,37,18
41,97,21,248,143,234,95,105,158,145,48,87,250,210,204,209,211,134,182,198
14,208,243,95,232,15,51,179,185,190,107,169,261,249,142,68,183,18,130,256
50,82,179,133,140,181,247,49,127,168,227,177,126,89,225,0,98,90,77,264
191,242,119,153,41,10,203,160,226,35,184,204,93,14,73,113,144,189,141,133
123,94,228,258,10,154,126,5,151,111,167,269,108,103,22,195,81,158,248,68
62,140,235,137,7,36,107,17,130,33,99,257,251,250,109,116,141,53,46,266
156,226,154,100,74,185,37,182,230,0,95,201,186,31,155,120,157,164,240,94
184,201,78,167,189,4,173,116,60,135,67,206,227,116,36,125,63,1,247,204
130,81,212,244,214,92,233,177,14,225,66,64,26,27,42,27,133,120,233,118
269,124,237,159,219,116,79,106,263,156,205,10,166,233,110,63,75,175,265,111
152,181,108,238,65,232,151,134,32,262,22,186,240,45,202,201,199,228,228,197
43,182,199,8,35,22,45,244,97,70,124,241,132,77,149,238,55,105,150,109
218,13,222,107,244,81,76,64,24,201,101,93,231,161,19,173,267,5,19,56
138,245,191,53,120,52,243,26,212,29,210,251,257,232,200,61,50,196,222,176
162,188,82,27,248,245,120,194,29,159,144,256,228,87,233,77,184,197,213,210
178,45,135,166,153,13,39,208,49,10,211,5,22,132,256,10,49,148,220,226
149,183,227,60,258,72,186,212,265,259,238,194,167,48,34,180,159,79,23,39
112,103,209,92,206,20,7,249,150,246,185,224,154,111,223,136,197,156,76,43
204,36,261,32,205,111,91,209,41,48,90,58,72,195,266,60,67,113,170,5
98,224,172,135,135,35,145,117,8,180,41,104,76,105,162,100,155,245,238,216
235,20,36,22,234,70,266,166,83,66,81,188,138,104,98,179,122,149,86,268
93,214,92,246,119,120,108,136,242,41,162,6,46,56,136,200,264,55,200,166
168,164,62,260,104,29,258,29,74,224,110,149,239,55,38,227,249,152,218,134
36,75,0,194,138,202,92,79,144,240,244,74,54,163,28,34,76,142,92,80
113,170,27,205,257,69,46,140,202,76,53,255,220,240,261,161,175,195,5,51
0,240,100,216,141,150,55,157,99,94,17,111,71,216,241,54,100,115,203,79
94,220,182,195,15,177,235,131,233,85,183,249,255,200,95,187,153,191,36,261
95,213,148,35,127,174,34,39,245,181,51,106,171,137,221,123,138,200,72,267
220,2,224,120,86,165,169,258,43,96,14,148,2,264,4,147,43,23,202,29
69,211,221,233,60,126,231,54,124,226,186,173,28,29,33,108,268,66,223,99
49,6,203,19,97,254,156,43,119,118,82,205,269,177,55,172,263,187,252,73
48,234,158,263,27,265,121,202,249,87,84,65,9,267,269,243,84,106,20,140
85,217,143,44,17,64,111,48,267,199,259,141,69,192,76,213,125,52,209,84
267,77,17,68,150,195,102,215,104,102,29,156,150,3,59,82,208,40,235,47
141,113,59,76,67,196,148,59,58,243,3,132,223,171,50,14,245,132,129,25
23,65,165,112,218,128,60,143,179,64,23,100,153,83,192,35,229,127,192,202
246,151,253,262,193,82,152,53,260,164,146,175,97,134,86,166,131,129,100,77
143,160,189,11,167,194,206,20,208,160,128,31,102,91,99,46,109,146,246,3
78,46,181,55,4,250,200,124,142,91,165,118,57,4,72,182,143,10,102,213
100,74,149,196,131,142,3,142,174,193,168,119,80,184,186,112,86,24,117,127
131,92,123,9,208,187,22,110,11,14,45,258,148,269,56,73,57,14,101,125
225,265,55,197,53,172,142,187,75,112,198,167,222,20,210,69,124,62,198,4
268,87,16,207,192,76,157,76,147,233,97,38,112,35,181,183,161,35,147,235
6,143,229,29,9,32,269,233,253,215,232,232,0,191,62,103,38,43,84,46
68,193,205,39,78,192,208,107,269,211,42,82,265,50,198,163,97,174,175,234
84,10,214,252,224,267,153,221,156,200,246,50,232,57,227,84,194,65,251,28
170,162,87,56,40,141,240,12,6,176,79,84,256,253,103,28,150,220,181,238
121,32,146,217,31,152,223,16,152,188,255,208,162,219,259,219,215,45,144,9
140,136,97,21,196,173,73,47,98,50,12,261,91,121,163,70,106,6,179,147
262,166,125,91,211,162,77,186,248,170,112,162,114,53,48,208,147,203,207,157
237,83,61,182,191,133,268,236,205,169,11,75,210,154,119,160,91,47,78,76
231,218,81,59,132,235,209,119,189,207,226,124,116,193,83,190,213,33,155,67
213,165,269,240,158,47,101,21,183,110,85,105,200,26,145,16,120,59,187,112
91,155,68,172,96,220,210,146,118,61,134,129,18,144,85,225,130,99,7,262
238,100,129,254,54,9,261,178,112,98,143,266,193,228,265,90,4,248,79,52
254,125,56,36,125,223,9,228,16,220,199,8,238,25,12,18,36,74,104,260
11,23,19,156,220,14,224,130,198,157,218,40,43,199,97,87,80,258,51,102
119,126,86,2,72,94,225,222,266,194,104,172,179,263,131,151,27,119,83,263
102,195,70,52,165,16,149,127,59,46,34,210,105,47,113,62,203,89,53,154
35,9,137,218,8,214,256,73,19,143,182,110,157,141,139,51,22,107,69,200
57,260,60,189,51,85,47,263,256,114,108,47,20,165,248,81,262,25,266,107
169,104,34,48,107,33,226,30,137,115,50,233,183,72,52,42,220,145,113,116
65,153,40,158,59,157,254,205,126,108,253,48,182,59,144,130,212,12,162,230
1,212,138,220,36,155,262,33,7,34,213,18,121,247,178,33,198,21,28,126
120,135,76,141,79,78,68,204,73,1,214,43,99,81,132,250,23,104,172,252
223,111,216,96,85,91,251,234,160,192,4,17,84,130,78,126,92,135,267,193
186,25,26,183,181,131,33,155,95,72,133,218,59,99,237,110,62,266,114,71
42,230,32,75,256,183,184,251,134,210,44,166,58,41,188,88,24,236,180,122
105,64,43,227,253,193,265,123,255,219,96,90,202,237,92,76,195,246,32,48
132,15,96,209,199,124,36,266,46,158,254,117,156,175,206,29,129,163,237,88
241,41,83,160,198,67,135,163,122,147,28,153,266,85,185,231,12,251,139,169
17,228,190,80,216,11,195,100,167,24,203,19,195,0,74,119,242,36,38,139
38,109,110,144,250,239,42,149,54,5,135,78,242,5,262,224,6,15,35,186
133,80,105,99,23,261,176,219,38,132,174,160,70,255,246,242,171,117,26,85
53,52,185,124,75,109,24,151,210,144,145,244,198,164,217,83,46,20,105,195
164,26,73,264,213,108,105,135,194,242,223,72,170,190,21,45,217,204,244,21
214,76,117,231,190,100,123,61,246,74,88,68,60,61,127,249,41,192,191,44
128,43,150,117,195,135,41,225,37,128,71,209,175,242,169,24,119,72,99,106
34,24,145,85,22,257,150,35,196,186,118,136,107,109,79,135,107,250,52,10
28,196,219,1,231,18,163,10,243,52,208,131,53,260,184,170,88,216,67,63
183,3,268,113,151,147,82,262,252,99,229,1,221,138,13,66,193,252,89,32
114,236,178,243,204,211,129,71,188,4,267,187,181,112,250,7,146,244,22,265
203,49,136,174,176,226,139,92,217,40,137,178,68,211,81,4,44,202,29,124
163,149,174,224,187,38,237,172,120,178,216,265,115,166,243,99,185,110,153,191
151,198,39,199,73,68,67,93,123,264,74,181,203,86,75,267,148,207,98,114
202,131,49,223,217,2,10,159,36,63,269,133,165,207,57,244,18,256,254,255
31,261,207,184,209,31,239,118,232,182,139,254,44,6,65,207,21,259,106,128
229,30,63,165,145,255,218,144,199,252,94,168,65,123,147,104,200,91,11,251
127,200,258,191,50,179,70,240,166,205,151,243,196,135,30,191,234,26,21,190
185,121,132,116,185,105,249,1,2,161,150,240,224,71,45,22,16,63,159,123
247,175,50,18,95,164,40,176,237,58,247,183,4,173,257,168,172,215,230,100
257,115,204,192,98,110,119,83,135,256,93,7,56,113,191,236,241,123,156,221
32,243,52,0,207,132,78,261,64,141,18,142,225,248,104,41,110,253,178,11
167,216,80,54,115,260,263,195,138,104,27,44,25,49,71,198,15,179,131,137
142,8,194,261,114,0,50,227,47,191,36,27,79,213,124,53,85,8,59,183
233,209,31,28,3,58,133,87,223,49,57,185,216,88,1,232,231,268,15,219
147,60,121,206,156,5,57,137,28,268,31,138,235,122,43,193,250,60,236,179
29,128,211,127,259,269,43,4,244,208,65,107,217,179,218,50,182,49,186,153
177,1,262,149,32,144,28,38,200,137,140,89,187,120,27,75,223,50,257,249
216,57,198,49,161,103,124,206,21,119,89,246,27,133,187,162,37,83,205,241
99,22,46,94,173,210,85,201,173,230,158,155,110,227,9,154,14,234,137,17
82,61,196,20,170,129,147,246,20,19,30,23,160,231,159,263,108,27,93,212
266,63,88,37,168,190,63,34,31,165,86,96,268,117,128,96,127,56,64,173
175,7,69,176,160,233,66,192,86,139,92,79,173,180,17,159,180,141,146,177
79,137,67,79,266,41,127,189,63,227,141,259,73,34,123,1,40,121,136,211
197,249,257,123,186,106,194,112,235,244,126,192,109,22,173,177,145,182,13,12
243,141,58,33,66,137,80,181,91,129,153,242,123,58,205,114,228,44,124,209
208,86,33,171,49,121,62,183,220,253,243,114,134,76,68,56,233,2,85,220
115,96,234,7,136,146,248,152,15,214,13,171,212,40,207,15,165,257,70,182
148,222,38,62,30,125,132,56,107,18,197,70,208,11,67,102,226,230,14,196
263,247,103,269,117,86,177,69,81,12,77,67,178,156,231,79,8,133,261,49
72,241,51,106,268,212,229,191,238,120,257,145,214,24,232,157,115,61,73,160
77,233,107,157,194,30,197,44,125,124,179,248,146,146,41,188,236,32,195,69
25,251,170,97,56,175,171,188,229,234,177,152,96,1,101,205,187,177,193,101
165,215,4,110,230,65,114,19,9,62,206,267,191,75,120,44,114,229,107,188
81,68,102,104,166,203,86,6,258,258,100,81,119,245,37,19,253,237,68,104
258,50,195,69,201,205,217,250,66,184,200,212,158,214,133,37,28,262,164,55
174,142,167,90,149,44,15,55,154,202,33,231,161,139,84,39,101,261,183,57
260,157,37,179,21,27,154,75,105,216,62,245,163,147,214,105,128,30,75,35
39,156,116,129,183,80,125,0,170,187,122,37,100,149,0,196,205,185,245,53
193,252,124,150,0,113,31,68,51,238,54,140,89,160,258,143,93,166,138,194
88,254,218,26,52,204,204,167,102,221,239,34,82,258,264,23,206,131,234,201
70,178,47,93,126,7,130,218,18,117,16,125,204,268,32,237,74,184,268,203
87,237,213,148,44,208,110,42,143,248,40,236,104,229,25,17,65,41,111,231
242,71,265,119,164,158,236,72,61,241,256,253,74,126,154,221,160,17,133,167
211,129,95,138,94,112,161,23,108,250,73,176,118,265,61,118,116,238,226,97
9,144,162,169,109,231,26,185,155,59,8,92,141,236,208,85,158,7,152,162
195,133,263,202,252,228,185,103,115,22,221,109,49,153,138,203,260,39,264,22
251,203,75,147,58,8,75,211,85,65,156,71,259,244,156,199,123,31,66,159
192,255,22,256,87,73,1,67,48,125,123,161,130,230,234,155,69,240,242,19
117,72,72,131,197,118,106,25,191,251,15,91,241,16,249,156,121,143,174,245
47,235,15,249,174,189,227,196,136,56,125,80,253,74,268,133,238,241,190,110
172,37,168,152,122,206,201,175,133,126,265,191,155,176,107,245,169,111,120,93
